"path","sha256","bytes"
".gitignore","eb23ae165ca0651a9e01fe5d8bb95445c90991f2aeb08a254014a009ea7f54c6","447"
".zenodo.json","9931f0173dd49ebfb6897a88217db508d9ee98f40450b5acee12eaa35a35031b","839"
"benchmark/paper09_dev.jsonl","6fa3aba2570f3729a62032f36908fa999136a680f63f077c228b36de304befa9","230948"
"benchmark/paper09_dev_sft.jsonl","1019ae309f693ea59939eb53ed0d963ae8dd5c2328c9a5caa319060d4680f0c9","267648"
"benchmark/paper09_split_summary.json","ed5d754b6e12c01b499c643e414dcb7647ff707007fd230fc0fdd91384eafb26","2389"
"benchmark/paper09_test.jsonl","9f5cab05fea3214263818af9f5c3424cfde34003bf53d1d1c4a2068fbe6776ea","227625"
"benchmark/paper09_test_sft.jsonl","dbee4e5ad68ddc5666dd644c9db71b1b20414dff8979e6d180457c34a14b7192","264716"
"benchmark/paper09_train.jsonl","ac6c461c494cd501ce01825618539a68428aff81317afa00f38f52c3f97db54b","1033921"
"benchmark/paper09_train_sft.jsonl","0b81d91cdfb310072b90d394217302caa6adac54a3b2662fed37807b912d78e0","1202748"
"benchmark/README.md","67045021b557d09ecfa12721323564d6559b6836c8a35efe295ce8ff6aa997cf","442"
"benchmark_expanded/EXPANDED_CORPUS_SUMMARY.md","a70a46cfdc589b9bbaf24eb67a7d2d91d7c6d28b42e5674793af485fdfa817e9","1359"
"benchmark_expanded/EXPANDED_DATASET_INVENTORY.csv","2eff73920a3eee5daa8016c3b22b968ccbba12aaf5520a698204fd25abd23a7c","272997"
"benchmark_expanded/expanded_split_summary.json","d8c03da3cd23e119212292143abc73c03bcffd6fd6b7565576256bf7000e0277","4726"
"benchmark_expanded/paper09_expanded_dev.jsonl","6eabf7bc070edc2c804744ca61feb6b64da3412d672ad8f02a9c06e1f95dc54e","5322897"
"benchmark_expanded/paper09_expanded_dev_minmax_metadata_sft.jsonl","c0492c207b4c68b1a298f5370da24a94bd9270296c3de757006348168b9d9a63","5709810"
"benchmark_expanded/paper09_expanded_dev_ranking_pairs.jsonl","1acd9c92c2f5d2bd72f5a918ee7b976446cbad9c8adcb552f5dd2178e04c2632","18338016"
"benchmark_expanded/paper09_expanded_dev_schema_only_sft.jsonl","118f13848c0aaa2946af876344303d649f593a180535044875ab3e6144ecc1b3","5134520"
"benchmark_expanded/paper09_expanded_dev_with_temporal_metadata_sft.jsonl","8e30c68c12abf713c33362a7a976bd458118bf9813d0080a5daefae237ccfdab","5883067"
"benchmark_expanded/paper09_expanded_test.jsonl","13335bc9133790257bf2eadbb154532aa6dbbbad7e4b2cfec9baa998e384ee3a","5111000"
"benchmark_expanded/paper09_expanded_test_minmax_metadata_sft.jsonl","4a4664675c913bc418426541fb0b1e8e351dfe389be49f72d19ad51601fa6f05","5455626"
"benchmark_expanded/paper09_expanded_test_ranking_pairs.jsonl","dfd905570ba9dbaf734daa6316bbe1a2cbb3c77a182350e54590511ae0e8b387","17471431"
"benchmark_expanded/paper09_expanded_test_schema_only_sft.jsonl","f4da03ba75b52b14b407d5d5100ec5e8af424cc3743172ece52dd869840b0abb","4908144"
"benchmark_expanded/paper09_expanded_test_with_temporal_metadata_sft.jsonl","b28493f968e1f2ac6baad2a46b298704c87503a96610338b74bf27351cac75d0","5620509"
"benchmark_expanded/paper09_expanded_train.jsonl","d5f27adb9c4a15fdca157ecd01fe5c7a9199c154aa4324a2f56955f7342d2adf","24127291"
"benchmark_expanded/paper09_expanded_train_minmax_metadata_sft.jsonl","ea5ead2250dd4402d77b35aedcfe1506f95137845d660d2fbc231226bcf6b3e3","25830477"
"benchmark_expanded/paper09_expanded_train_ranking_pairs.jsonl","b8c1ea7ae5da04945b0054411e016b6c149ae4ed33f5d1528cc314e0126a1565","82800351"
"benchmark_expanded/paper09_expanded_train_schema_only_sft.jsonl","ea668bff9bd6a10458848522d15aad2b31caad1059e535cc843158322cf80501","23230483"
"benchmark_expanded/paper09_expanded_train_with_temporal_metadata_sft.jsonl","4d8162d8125195b40789cb8727faadc12f54041ea06956d36ec33d83ed40acce","26613446"
"benchmark_optional_audits/optional_audit_split_summary.json","682ded362013b2782f4237ad4e3d41f7b736f4f479778077d365c6631d570f01","259"
"benchmark_optional_audits/paper09_dev_non_worldbank_sft.jsonl","1f15a5fed127b6c4aaccbee8b622fbf1c0a48b3d686fb456b498ceec12e922ce","107645"
"benchmark_optional_audits/paper09_dev_vi_diacritic_sft.jsonl","3405addbbe46848688545d41eb50866bb47dc3a6f916009d9eef82221a99cdbd","2456384"
"CITATION.cff","2921ba83f8072c217c502ab4eca01d94951579010aebc7fe90323896e6eca00c","718"
"docs/DATA_AND_CODE_AVAILABILITY_SNIPPET.md","3b1f3d0435f6c0e2ede7ddc379acd934cf328e1a6a73c59255080bb6384c7ffa","720"
"docs/experiment_plan.md","c49e7112b0dc69c04177a42bacdc129afe75d469c950cc17697c648a3e6f0bd7","8063"
"docs/FINAL_TEST_COMMANDS.md","ec3389b67d24784c48a5ec50b39a46a7291bff0176dd785fd43230ec47f4e07c","2484"
"docs/REPRODUCIBILITY.md","4cecc131d64149bf451e363619052d4ed4353d7711080300dc8aac1201abd0f4","2079"
"docs/STATUS.md","0e150169b9ce54e58cd9fbab74791a47a98909ac9c5d4a87296ac877d55b9c2d","21671"
"figures/adapter_landscape.pdf","7400c1da26dac2014d730614b21b95a44c0c7e40dec582d7b316d76f21d4d4e7","16495"
"figures/architecture_cascade.pdf","20f39e8359ece1ad9ce5f9ceb0fd1847dd3f878008797d5bbbc7750e2c8d8a52","17888"
"figures/chart_level_outcomes.pdf","cb64df10f1b7236269a918693da2afd11a30d98c109ec2e662ceb51b6e1aa165","13899"
"figures/final_failure_decomposition.pdf","df9150d7077a5c388f83ce197517db26d82db3c979a8acbe29fffce1007e6980","13732"
"figures/final_test_ci.pdf","6720925ee895dbc19b1286bb3541e99ad8cb1bc8dbb05f303a66930e0bd5bdae","13817"
"figures/ft_tip_architecture.mmd","054b6ea621cc5fd954807350afa53b70f0bf689ff232bed447d780372e95f4eb","1331"
"figures/ft_tip_architecture.pdf","49ec1bfc243c887b2764c1fe33fc71cb430d17ce5c8c621891011cc7194d87ec","39651"
"figures/hypothesis_evidence_map.pdf","8e95ed0c0f9b6ebecdf946a7fe4dcd4750cabef89d483a1900985a2c06fba7f7","29872"
"figures/paired_effects_synthesis.pdf","b91b91d2e58b01477a52059d8ef2ff18d843be05001d918e7623c9502d56ce3b","14881"
"figures/prompt_vs_adaptation_gap.pdf","66d28123d0d5b30dd66c0ce946841fea1d3dc2e00c3dacd3c73e2cc1f565e88a","16772"
"figures/ranker_task_sensitivity.pdf","edcf7ed7b6c2bfb98a49cdb790f36c17a3d08b44f43b846d7e170ba304eee54b","15129"
"figures/robustness_generalization.pdf","d6cd270ab0d841c5c2a99528592a7b1f009da8238fbfc49a2515e993f0e62b07","16873"
"figures/safety_frontier.pdf","0be5fcb1e4addd53460eb7529328bcba89af6d3b0386094518c06398546e9134","16629"
"LICENSE","e6c892d853a7d3756c5435ffc84454a14ed74a45d7791173282a7f227b253d00","1072"
"README.md","7a706212fda0537f0f7a906a551a448d763f5e150360c98173ca3370658bdaf8","3062"
"runs/chart_level_audit_20260621/chart_level_cases.tex","0e3715e780d90abfb9d23d058cdabd48487ebcb008fde1642f2dca7f60a27b76","1903"
"runs/chart_level_audit_20260621/chart_level_error_table.tex","055a34a3cde9bdedced448cc9bba2ed7b37ff8b8b0b866c6d127b05e659e39f2","318"
"runs/chart_level_audit_20260621/chart_level_outcomes.pdf","cb64df10f1b7236269a918693da2afd11a30d98c109ec2e662ceb51b6e1aa165","13899"
"runs/chart_level_audit_20260621/chart_level_outputs.jsonl","6e23f109b1447b8dd590e4e4282be9b8002e1af9cfbb40ab365bec997632b207","376869"
"runs/chart_level_audit_20260621/chart_level_summary.json","fa8eff10ae3570c5b490fa431f1ac54426fb7abf177b2b9a7edc0f00c526c73b","675"
"runs/chart_level_audit_20260621/chart_level_table.tex","c23c40b95457f373949ca73b7fa826f2ab186c75bc209c1f46398e773ef6e838","489"
"runs/dissertation_rigor_20260621/bootstrap_metric_ci.csv","5d6f7a9441673e7f48766a7122f190a12132b9b7640e19cdbeb5b3f8c4ff9b4b","1521"
"runs/dissertation_rigor_20260621/final_test_slice_matrix.csv","6ecbb67b9bacd103b6c7d9bb31611a93bdc51092b85235b0ef019cbd7ceb8215","2613"
"runs/dissertation_rigor_20260621/final_test_task_confusions.csv","cd58b01a2feb480163a16484a001de3f341bf73286b8b322cc1d3c133c1d6e86","971"
"runs/dissertation_rigor_20260621/optional_audit_slice_matrix.csv","c195897f79ddb4702713e1c3ca320f2f75d3f23687c716519d7e158ca8d6f6bc","2311"
"runs/dissertation_rigor_20260621/paired_mcnemar_tests.csv","64f298140f34e1e43b26d41bdea810a8f5b4acd1b2071baa48d8bbfa6dbb30ed","1883"
"runs/dissertation_rigor_20260621/paired_tests_table.tex","473c5e9d25f88a68c4396a0ed570b5670224c68e6de111dbed5444ce4e8241a1","734"
"runs/dissertation_rigor_20260621/reproducibility_file_check.csv","bf2326db0f7017eaf7181ed7fd4da6e5ddb6b3a254e27d4ff8144a8cc86e42ae","982"
"runs/dissertation_rigor_20260621/rigor_package_summary.json","0e60247725a9657f11d0d1d08a91da021f036c54eac33d89a7caa18270e625d9","179"
"runs/dissertation_rigor_20260621/statistical_ci_table.tex","1a5ac5be08b89fcbd5c1f51038dec604e14d194660c972af6bc77f3e49decfcd","1034"
"runs/dissertation_strength_20260621/configs/qwen25_15b_expanded_metadata_rank16_l16.yaml","d8601153c94c6d6330f65decaebb14b43330b4004d9d4e75f3dd33a6c790e234","900"
"runs/dissertation_strength_20260621/configs/qwen25_15b_expanded_metadata_rank32_l16.yaml","602187631aea18bd0de326e45b452c17d3e984848417288d9903ebbd1abf375c","900"
"runs/dissertation_strength_20260621/configs/qwen25_15b_expanded_metadata_rank4_l16.yaml","03be55d7348d79b8ab9992d4fa46561cd290f7901898d4a63f0a6332264819d3","898"
"runs/dissertation_strength_20260621/configs/qwen25_15b_expanded_metadata_rank8_all_layers.yaml","c517ebfe994883daa4b528f92023871d9cd0a52f205f10b4a7225ef87c86936f","905"
"runs/dissertation_strength_20260621/configs/qwen25_15b_expanded_metadata_rank8_l8.yaml","5742a3c754628fb29d00e19f8892f420792e3af44b9d020e979a69af2a141c23","896"
"runs/dissertation_strength_20260621/full_dev_followup.log","5ff46fe7a8207fb7fa906ffaf03834c6575114534da34d4e2dbd9a49c7749c24","3405"
"runs/dissertation_strength_20260621/prompt_llama32_3b_dev64/dev64_outputs.jsonl","4a1afc105e056f4d6db98e0208e41f0e06ade0852d89f8943069fd715c5d5e80","239998"
"runs/dissertation_strength_20260621/prompt_llama32_3b_dev64/dev64_summary.json","77776c5580d49e9abb2ef99b1dc2f33922ffc7d235a15abb8b535f9a4a5f3bef","297"
"runs/dissertation_strength_20260621/prompt_qwen25_3b_dev64/dev64_outputs.jsonl","4ed59dd7761277f33c39ef5e8563a11e252d020bb61a16d565a73c335e8c5aed","125157"
"runs/dissertation_strength_20260621/prompt_qwen25_3b_dev64/dev64_summary.json","77776c5580d49e9abb2ef99b1dc2f33922ffc7d235a15abb8b535f9a4a5f3bef","297"
"runs/dissertation_strength_20260621/prompt_qwen25_coder_7b_dev64/dev64_outputs.jsonl","d51b135ce549d738ecfeff88707e8e131e3ee9e3fd2541a06ebab10a844628e6","88256"
"runs/dissertation_strength_20260621/prompt_qwen25_coder_7b_dev64/dev64_summary.json","1325b8723aa21005b1056a75c6c6b46e14f7bb5c3c6e811c37be8f3225721358","305"
"runs/dissertation_strength_20260621/prompt_qwen3_4b_dev64/dev64_outputs.jsonl","ea7ca806acad7e934e7984174b354e2a3b26d6a0c3c4d351652a5f27d1dac0c8","83312"
"runs/dissertation_strength_20260621/prompt_qwen3_4b_dev64/dev64_summary.json","b19f94e098b1a7de2b40c24d062e3d2cbb7cc5f7d451d96e76f18565abf5af1d","303"
"runs/dissertation_strength_20260621/qwen25_15b_expanded_metadata_rank16_l16/dev64_outputs.jsonl","56b4cdec40e996cb2a607f16d3c03330b72aea01ac8e2477c2b9a12786529f9c","114119"
"runs/dissertation_strength_20260621/qwen25_15b_expanded_metadata_rank16_l16/dev64_summary.json","9b1f646ffcac0290f309698540c3f475e455aafbd20e09809e88f1f3f848dc01","325"
"runs/dissertation_strength_20260621/qwen25_15b_expanded_metadata_rank16_l16_full_dev/full_dev_outputs.jsonl","542b0d176d9eb4fa892fb5613ff640d733d1c7a9e41c98b1e508b3f5ed020476","5812166"
"runs/dissertation_strength_20260621/qwen25_15b_expanded_metadata_rank16_l16_full_dev/full_dev_summary.json","8bace088bb97957ca791064fa5e098bcdd9a37612e505cc2c8b1a167e37dcbaa","424"
"runs/dissertation_strength_20260621/qwen25_15b_expanded_metadata_rank32_l16/dev64_outputs.jsonl","810f19143f4fb501857c0f8f8ef72d65376765a0492e05afe6bef74c833eca0c","114050"
"runs/dissertation_strength_20260621/qwen25_15b_expanded_metadata_rank32_l16/dev64_summary.json","2b0fe8627165a89e7522e04c739f2954119631d6afb1728f20f3ec3ac36fe86f","315"
"runs/dissertation_strength_20260621/qwen25_15b_expanded_metadata_rank4_l16/dev64_outputs.jsonl","16a65318aff59939df1f16ab60c10d0624f700613f36543227efe0232161c717","114547"
"runs/dissertation_strength_20260621/qwen25_15b_expanded_metadata_rank4_l16/dev64_summary.json","35ba3426e3b406122fc05abeb87ffc96804124e422812477d4ea96776a21fe4f","318"
"runs/dissertation_strength_20260621/qwen25_15b_expanded_metadata_rank8_all_layers/dev64_outputs.jsonl","82259d671dedbe34016110dc72554619ae3d17f6b3256c50f597bdd794f31dc2","114178"
"runs/dissertation_strength_20260621/qwen25_15b_expanded_metadata_rank8_all_layers/dev64_summary.json","7b261023e06b9488a388720faf6c24e3e1dc6f45abffcf7add74136e94cde7e7","314"
"runs/dissertation_strength_20260621/qwen25_15b_expanded_metadata_rank8_all_layers_full_dev/full_dev_outputs.jsonl","c927cb89bb8722d4e4d5b1f5587b6d843458a72e0b99ca6ef32c1b24974051db","5815191"
"runs/dissertation_strength_20260621/qwen25_15b_expanded_metadata_rank8_all_layers_full_dev/full_dev_summary.json","9129eca02e76fa38a75d0b9c999eb72ed8a1ce532d31f69723ca368d3d25d5c3","422"
"runs/dissertation_strength_20260621/qwen25_15b_expanded_metadata_rank8_l8/dev64_outputs.jsonl","661104f8a60c8adc841de6cd5036e25d86ccb59ee6a5e55566baa65607e2384c","114255"
"runs/dissertation_strength_20260621/qwen25_15b_expanded_metadata_rank8_l8/dev64_summary.json","bd89fd1b758b2870ca8223439fca1a19696e4e0fc7ef67b0c72739b28530dafd","317"
"runs/dissertation_strength_20260621/run.log","e7515074e3ff7870a04a5eb82bd9fc4ae4cd58eae2fe1c0304005c7805b0891c","231609"
"runs/expanded_metadata_smoke/dev256_sft.jsonl","7d92ef144f000ad0c216642e737170140f9a4bb30d214ab6013d19ed16cca4a7","451454"
"runs/expanded_metadata_smoke/dev64_adapter_outputs.jsonl","2fdf2f162ffc527d785ade5b81bfe8eede2cf52f7c076324883758c5b56501cc","114430"
"runs/expanded_metadata_smoke/dev64_adapter_summary.json","23a0a4981cfb5e9c5800a439cf7e9524aa12943b4da500a912656bacc32d2c55","315"
"runs/expanded_metadata_smoke/EXPANDED_METADATA_SMOKE_RESULT.md","f77bfdd068313b4155582ebe8f57f24e0b6027bfb0beb5efae572e77ed35b467","2917"
"runs/expanded_metadata_smoke/train.log","ec37a40bb6b7e48cdb5cf33f3821eff98ca48486d4f1d5d951c20b8353f66798","44369"
"runs/expanded_metadata_smoke_train.log","ec37a40bb6b7e48cdb5cf33f3821eff98ca48486d4f1d5d951c20b8353f66798","44369"
"runs/expanded_metadata_unsupported_x4_smoke/dev64_adapter_outputs.jsonl","9a98321c6493dfedf0d8cc5759169da755d22be847004bb5f963e09190453c2d","114270"
"runs/expanded_metadata_unsupported_x4_smoke/dev64_adapter_summary.json","46443d7b3a4a6729a1ef9882b8889b78698ff1c1d36b8f9825adac309013f171","313"
"runs/expanded_metadata_unsupported_x4_smoke/dev64_sft.jsonl","a39f8bcdeaf4106c2db5b6be77f065e694b548c29b5428df78468124c80e9893","111307"
"runs/expanded_metadata_unsupported_x4_smoke/train.log","93125341cd5cc73c38456e6432bf1c796b00b36c0de5b7f2457936bb354ef772","44473"
"runs/expanded_metadata_unsupported_x4_smoke/UNSUPPORTED_X4_SMOKE_RESULT.md","e3270b07596563064aac0c017d298813148131277380d381eee1112750497b00","2623"
"runs/expanded_schema_smoke/dev64_adapter_outputs.jsonl","ed098f81c0421f0a0db1578f86abfba0db72c625d2d988d019fe76ad842f985c","114504"
"runs/expanded_schema_smoke/dev64_adapter_summary.json","7b559511702ed8809ca4888906dafc732b5f3d8f8bee7e088e30aa0c6c959540","310"
"runs/expanded_schema_smoke/dev64_sft.jsonl","406611f589e8c9639297f8d41411cac74f8fd0597c7bc0e55b41a1b2023a5b6c","96651"
"runs/expanded_schema_smoke/EXPANDED_SCHEMA_SMOKE_RESULT.md","6e01878485762d2234bc895a3e3b66f1482d40302ff112eb52e95a73505b1913","2266"
"runs/expanded_schema_smoke/train.log","e3fe0d461a09484010d50543e81616d7d646e4c4825612f848921b9be019c45b","29253"
"runs/fewshot_schema_baseline_20260621/fewshot_schema_baseline_table.tex","e32b53b058de0e25d1fbceaf5bd2861d70979e43a42f47713ef648cf6e35fc3f","309"
"runs/fewshot_schema_baseline_20260621/mistral7b_dev48_outputs.jsonl","938d1221046b2c1bc70a276d1a36ad04ccd1e5ba7f00d887e982db6da4bd3388","84884"
"runs/fewshot_schema_baseline_20260621/mistral7b_dev48_summary.json","1e0ad9c54831d079fe11d9c0c7cdf42dc0dccee48262d72b7c702d80b1fda150","652"
"runs/fewshot_schema_baseline_20260621/qwen25coder14b_dev48_outputs.jsonl","eda5d733e27b57ec1b2a58b0d92c67b98e4bd39a3640e1b0eeb0b67821d75502","87307"
"runs/fewshot_schema_baseline_20260621/qwen25coder14b_dev48_summary.json","708b2bd8c5c7e24da83f604574e37a8f75a034199b915141d087a726f8ab72fe","683"
"runs/final_test_20260620/composed_planner_gate_temporal_constrained_test_outputs.jsonl","c3d251e7e46fe26b853c4e3a83b0fe6484a8a8483434a2406b76188ce59135c0","7465609"
"runs/final_test_20260620/composed_planner_gate_temporal_constrained_test_summary.json","d16b2a85b39930484f494c22e856f6a5cfe7d124e27a1a76777c1a4e6e81c9af","746"
"runs/final_test_20260620/composed_planner_gate_test_outputs.jsonl","6a64305d0e27f1b497747e143943b4b8f747f5ab2bcabe6dbd0147e461722fee","5641051"
"runs/final_test_20260620/composed_planner_gate_test_summary.json","15fc448eb9da226e796c561e7e5f323d14c31e54f0d43925c5cfc023fa38ed84","579"
"runs/final_test_20260620/failure_analysis/FINAL_TEST_FAILURE_ANALYSIS.md","4e1ffd5d35b61ae974d5116a19f9ac0bd556aab8ad98c498e415c325a2517dd9","4518"
"runs/final_test_20260620/failure_analysis/final_test_failure_summary.json","72b5ffb9956bb8ed8851f826c5158d1b87657c8b77e9d27b85e8104be62958e9","2328"
"runs/final_test_20260620/failure_analysis/policy_failure_taxonomy.csv","64aaafe05109bf12f3beb454e7dceaf4476435628743f643fc2b950da953980b","221"
"runs/final_test_20260620/failure_analysis/policy_language_breakdown.csv","f04453c432d2e6208470fdda849e59b074c34521013eb188f02ca0e48d017446","416"
"runs/final_test_20260620/failure_analysis/policy_task_breakdown.csv","d9310b7643e256de95a13c341e847340b3a9070edf236d43d1266ec5c4bbb1b2","1941"
"runs/final_test_20260620/failure_analysis/ranker_task_sensitivity.csv","3bf669b55ad22c801f184f69d93dabe8c32f27070113e27673e90e1cf931c709","388"
"runs/final_test_20260620/failure_analysis/representative_policy_failures.csv","f61d9ff74634499a769d7bf5a27dadaa458a9faa55656dda276feb3a105b3760","3484"
"runs/final_test_20260620/final_test.log","9065babfa15d33b77ed811f09800506c4a23987f101b9ce3c10507bb12b7344d","9161"
"runs/final_test_20260620/FINAL_TEST_RESULT.md","35dae1832a3fbf35ba6542bb4de4bb1ed4d4a1e2f04d1876f53feb1c8b9a3a82","2438"
"runs/final_test_20260620/gate_test_outputs.jsonl","6a05852164255e89a8c87720b9c7753b97f0f202198ed6d0b4c3a8643b3b9b60","2054291"
"runs/final_test_20260620/gate_test_summary.json","b7b95819c160e7ee2bb8812cfaa6c430fe87165a740f841ad0f0f38dce328a56","301"
"runs/final_test_20260620/planner_test_outputs.jsonl","742fb8d8c6691cfbb4cec8f00f11895e6a8f346c7dc062664b58bc53894ad672","5522856"
"runs/final_test_20260620/planner_test_summary.json","cef2e09e41f62ba21eb96e130c69d4fb887d25d3628ae9c3c8e0fad794f7b8fe","423"
"runs/final_test_20260620/ranker_position_bias/ranker_position_bias_pairs.jsonl","c738d3263c101b3b76e1fb38742ddfe1f413d04e129627d6660426fb51ea18dc","4043765"
"runs/final_test_20260620/ranker_position_bias/ranker_position_bias_summary.json","892fa2f98985afe65a56f545e9c5425e35943e5c8f480b0cb5f79e4218248617","1561"
"runs/final_test_20260620/ranker_test_outputs.jsonl","e65f5305c57c18be2b920defc3968235d4e102f0937a14873715a8ef01bd9015","7051348"
"runs/final_test_20260620/ranker_test_summary.json","f425613b985b59c4ff4de42f34aa80d65c0813ed976b5a7a6cd4a48bdb7fe4e4","201"
"runs/final_test_20260620/ranker_test_swapped_outputs.jsonl","b6b2e654a6d7159166fe756176b4be3646f40cf387fd533ee1aa4b994161f4d3","7122156"
"runs/final_test_20260620/ranker_test_swapped_summary.json","5da713c452430708598c23a2952de0f2df4bac35354a987c7f3161fe8f4c6928","202"
"runs/final_test_20260620/symmetric_ranker_policy/symmetric_ranker_policy_pairs.jsonl","f4441cc24b34f37e5e1d5837475f2c27bd6ca9be9ecff1bee220dde86e901796","4495262"
"runs/final_test_20260620/symmetric_ranker_policy/symmetric_ranker_policy_samples.jsonl","1c69db84e01f03933702886c3d93eced6e33b7c459a3f123ad6694000c18bfad","576957"
"runs/final_test_20260620/symmetric_ranker_policy/symmetric_ranker_policy_summary.json","ffbb652fe022a1b7a2faafb704626df87b879d4efcae0e309bb4a425a2312c3f","1587"
"runs/gate_balanced_smoke/composed_metadata_planner_gate_outputs.jsonl","b0fdcbd94046bb6510c5dfe29e665fd729e7fa1888c48df67b68895bfdacea60","5938385"
"runs/gate_balanced_smoke/composed_metadata_planner_gate_summary.json","a735dd4e74c7cbd6542a29f6fac4a120832ce3de18950a291f8bfd3b9b708ec0","578"
"runs/gate_balanced_smoke/composed_metadata_planner_gate_temporal_constrained_outputs.jsonl","c9dcb1f869b6a03a1090b81f0cb036f2c9eec7f83be0e4778deda595c7de61b2","7858985"
"runs/gate_balanced_smoke/composed_metadata_planner_gate_temporal_constrained_summary.json","e8939b85c8d9f49a7a09ba2723fd687687623277ff0b8c97d4712c0095329769","743"
"runs/gate_balanced_smoke/COMPOSED_PLANNER_GATE_RESULT.md","8944da86890864812b0f05855a319cbc38fd36cc4c58fd834865b0b3d13b55b4","1354"
"runs/gate_balanced_smoke/full_dev_gate_inference.log","4c0ae03629b18d9b1cd868328ddfe322f4e4ce97e45afedc6f2e3a93768d554e","775"
"runs/gate_balanced_smoke/full_dev_gate_outputs.jsonl","fc189132a698fe79ef20a8e83d7784165efb70292ee4a6d8b72ff94b0ea11a1b","2161386"
"runs/gate_balanced_smoke/full_dev_gate_summary.json","2e67e146ab262af0276c8949775f983e1d46064b492971a07cc2b1063904ae8a","301"
"runs/gate_balanced_smoke/GATE_BALANCED_SMOKE_RESULT.md","ba75dd1d1f3a6af4143df3a640a74efedbeb322deb596942f5166a94c0137970","1885"
"runs/gate_balanced_smoke/TEMPORAL_CONSTRAINED_POLICY_RESULT.md","3302eb24710f5950169e84808b9bebd731608b8bf2d52a47b8cf917df50a1cfb","2197"
"runs/gate_balanced_smoke/train.log","e2a81a84fb4851343fa3573f612a40b6b650ddedeaad8a81c67211d0f83d1d8a","10829"
"runs/human_audit_packet_20260621/human_audit_packet_280.csv","c07a74a6510483ffc8e3a1a6be4de4448b573834c15a1a0ef6025a2a2a265974","310657"
"runs/human_audit_packet_20260621/human_audit_packet_280.jsonl","120330ea496616a346a347c8ec06bbcbcfee4297f06f4c890a78c46cb3206c19","394727"
"runs/human_audit_packet_20260621/human_audit_packet_summary.json","8cc91d2c813ebd5345f4da9c36f761bdab70aa3cc402d98848394417c22da389","451"
"runs/human_audit_packet_20260621/README.md","316b3858dd7faa1354f166a9244d766a05aa1599d76d4da125bf22282582f244","622"
"runs/long_qwen25_15b_lora/dev_adapter_outputs.jsonl","afb4191772c01d58d0da828110f7d35bd03b54f7f457c8e28f3962e4207efcd4","332955"
"runs/long_qwen25_15b_lora/dev_adapter_summary.json","8d544f2da6452be0f573c448d7fed1db4eacce5247a1bfee8140aaa38c56eae0","345"
"runs/long_qwen25_15b_lora/dev_core_failures.csv","93c71a9721b29efb5fcc11cd43a4439bd3176e105b829665a9cbf87d23afc87f","1884"
"runs/long_qwen25_15b_lora/LONG_RUN_RESULT.md","edd30287844244a1d3cb5840183f0034b3d0f08d98197cb5efdab0d91a03db9e","2406"
"runs/long_qwen25_15b_lora/train.log","4cca0002c9ccfd01557436a5d58b77b2e58d6c45a986b40a804a2a5189739b04","49774"
"runs/minmax_metadata_ablation_20260621/dev64_outputs.jsonl","e0d89a55294eaaec380a31cc6fc2dd91293bf0ed9e1634a4f417abc1e67a51b9","114385"
"runs/minmax_metadata_ablation_20260621/dev64_summary.json","bbd717a5a1fdec09813b7c6fefddb367500b10d8393243024da03943421ef8b9","315"
"runs/minmax_metadata_ablation_20260621/full_dev_outputs.jsonl","144737cffced17a26c2c0f041f1ea5f03889845458af23ccd4c65f5d369900e4","5809007"
"runs/minmax_metadata_ablation_20260621/full_dev_summary.json","5aedb6cc817040de3ab24787e69e4184545cf0b762cbf9fe639545cfeaed4d5d","421"
"runs/minmax_metadata_ablation_20260621/metadata_leakage_ablation_summary.json","d4e25d22f4708837a89ff5ac328fe07040adfec7157f2ec133a13600a107946a","1609"
"runs/minmax_metadata_ablation_20260621/metadata_leakage_ablation_table.tex","b0571618c483251118f3f10068e61020fb6ff6ee54fcf7092e012694ef736746","321"
"runs/minmax_metadata_ablation_20260621/minmax_rank8_l16.yaml","22cfd42a335d1956b2fd81b07f906ae3724507871be27846f81a40b38fd20b39","906"
"runs/minmax_metadata_ablation_20260621/run.log","001b49f508721034ea80638cf46def633805fd966052b080e17a5655afbcb599","45760"
"runs/mixtral_prompt_smoke_20260621/prompt_mixtral_8x7b_dev64/dev64_outputs.jsonl","dfde1e3d7600b8f15d71e3843fc93e03ef8708d2a2f21ae48212fc3911ddaa10","197389"
"runs/mixtral_prompt_smoke_20260621/prompt_mixtral_8x7b_dev64/dev64_summary.json","77776c5580d49e9abb2ef99b1dc2f33922ffc7d235a15abb8b535f9a4a5f3bef","297"
"runs/mixtral_prompt_smoke_20260621/run.log","621cf11cb188c85f8e073c1360193f735db9afecf16e127487535089c6047d5e","432417"
"runs/non_wb_dev_records.tsv","d5ad96942f8761da19e05a12b57775d7ee949f04abfaa84bdf5382fd7b76e2b4","328067"
"runs/optional_external_multilingual_20260621/planner_non_worldbank_dev/outputs.jsonl","2600943e4cc85b7e23957ff636a4977231aaf5889583f9f3ef88cfe36d3d58dd","100838"
"runs/optional_external_multilingual_20260621/planner_non_worldbank_dev/summary.json","27ab7b306a75bef8163aa32c1475a0299c7c939374aaa1b2be4a6e7796981bfc","422"
"runs/optional_external_multilingual_20260621/planner_vi_diacritic_dev/outputs.jsonl","f91f4ca8ad001b60e03823059cfd920709ed6fa9fbdcfb58fdaf548d202b5d13","2371107"
"runs/optional_external_multilingual_20260621/planner_vi_diacritic_dev/summary.json","3f14edab5e03c5e54be38b9169fdcbebde6d60084c052a6bca596f5923fe8d34","423"
"runs/optional_external_multilingual_20260621/prompt_mistral_7b_dev64/dev64_outputs.jsonl","eb00cbe96e83063954c24105528f1e6df13f3b07bda2a5665c33c087919f6ef0","162436"
"runs/optional_external_multilingual_20260621/prompt_mistral_7b_dev64/dev64_summary.json","77776c5580d49e9abb2ef99b1dc2f33922ffc7d235a15abb8b535f9a4a5f3bef","297"
"runs/optional_external_multilingual_20260621/run.log","b0f7d0c383f46e82f75a0e5b12bd5f6f4a829067ee7a943a3294511adb24f3ed","92014"
"runs/overnight_full_dev_20260619/error_analysis/failure_taxonomy.csv","3016e73ca11d673aef98cd18869ffa245e4323cecd0e04b7c930482f1a2d0abd","1436"
"runs/overnight_full_dev_20260619/error_analysis/FULL_DEV_ERROR_ANALYSIS.md","f988c1c1c0501612c864ad8b58ae91eebec3e62a7bc6c72befc6fe439f1f61de","14471"
"runs/overnight_full_dev_20260619/error_analysis/overall_summary.csv","cb9d74807f553e4929fabce5cdb61d696336017986fbc2e4d3c31534749df902","658"
"runs/overnight_full_dev_20260619/error_analysis/representative_failures.csv","911d35b8ead267f32366c168aff76e6cca5f505237e5f253329a9d7c98a8ceeb","25676"
"runs/overnight_full_dev_20260619/error_analysis/slice_breakdown.csv","d834b52e9801c1708f8abb5591f526a2d67a3cabcbef86804006751cdb773324","21934"
"runs/overnight_full_dev_20260619/error_analysis/top_failure_groups.csv","f984df77b3dc92b8135f52bb8118d8bde1f849445ac2dbd509f5c299abeba2e6","17873"
"runs/overnight_full_dev_20260619/metadata_lora_full_dev/full_dev_outputs.jsonl","84700459cbf5e2da1e74e96f5160a5951e161c1c2dfef32e1722fa6949f37a9f","5813116"
"runs/overnight_full_dev_20260619/metadata_lora_full_dev/full_dev_partial_summary.json","2694cf7aad1bb9903344b9959946860750a3bb81a54fc37179fe4c055e7cb191","439"
"runs/overnight_full_dev_20260619/metadata_lora_full_dev/full_dev_summary.json","6cccd595cf028de494dc26a3e06616bb2f90e2281331d927820e779cbc0c9601","420"
"runs/overnight_full_dev_20260619/overnight.log","2fb384ea2555b17229c2fc1173ba9c420e5141df72fefafe43ba6f3f4dcb74b7","7650"
"runs/overnight_full_dev_20260619/qwen_prompt_only_full_dev_if_time/full_dev_outputs.jsonl","860f3549ceb87665a106d2ab3308c03b5c173ff27aec0a000fecc5eeceade470","3733909"
"runs/overnight_full_dev_20260619/qwen_prompt_only_full_dev_if_time/full_dev_partial_summary.json","66b1cb3349fca361e37cc711f22345664035a86c6defb370c02e808ddcd022d4","371"
"runs/overnight_full_dev_20260619/qwen_prompt_only_full_dev_if_time/full_dev_summary.json","4c1f2ec778c725942e158c0e947f956fd2d3de3594592f7d5e758c7e9371cdc9","352"
"runs/overnight_full_dev_20260619/schema_only_lora_full_dev/full_dev_outputs.jsonl","ce47a540abe401c74432a022e512e140d092d44a51f65445c241312b633ea026","5816029"
"runs/overnight_full_dev_20260619/schema_only_lora_full_dev/full_dev_partial_summary.json","3619f4f721404530aca271dde34eeb68ffa568035428a47bc2207962d12ba591","443"
"runs/overnight_full_dev_20260619/schema_only_lora_full_dev/full_dev_summary.json","f16b8477220fdb1fbc4c618373c671a7f200245466d6df19fce098ca69cb3d63","424"
"runs/overnight_full_dev_20260619/test_nohup.log","46210dddc66714c3d8d226711510cf8421774214016c508c72a833a05370f6b5","6"
"runs/overnight_full_dev_20260619/unsupported_x4_lora_full_dev/full_dev_outputs.jsonl","5520cabba5acc4201c52ee786bb9a766f3bfdbece163126c01d56f4dde7d50a0","5843364"
"runs/overnight_full_dev_20260619/unsupported_x4_lora_full_dev/full_dev_partial_summary.json","e463f8648f2a0768ed7ebdc3bd87b58d853e53ad5002eef1ce8dc9e7ed58c773","441"
"runs/overnight_full_dev_20260619/unsupported_x4_lora_full_dev/full_dev_summary.json","46e76c10466c14c75fabb4e023a97f811ee59d77eaa47d1f1b5c4250d9893314","422"
"runs/PROMPT_BASELINES_DEV64_RESULT.md","f9d1f44846571c5e66569b9776e879188ecf899cd80fc1e6e2447247da14ba8f","1874"
"runs/prompt_only_deepseek_coder_67b_dev64/dev64_outputs.jsonl","2fbd44b9f7ce3e72eb6f613b0759593bd0654f88275bd1e60d8106f92e5c2f2b","171715"
"runs/prompt_only_deepseek_coder_67b_dev64/dev64_sft.jsonl","a39f8bcdeaf4106c2db5b6be77f065e694b548c29b5428df78468124c80e9893","111307"
"runs/prompt_only_deepseek_coder_67b_dev64/dev64_summary.json","77776c5580d49e9abb2ef99b1dc2f33922ffc7d235a15abb8b535f9a4a5f3bef","297"
"runs/prompt_only_gemma3_4b_dev64/dev64_outputs.jsonl","73318c5b7142c994db35f8cf0f7d1c73c5aed64d922905a0170e34b7ae69c6e6","78039"
"runs/prompt_only_gemma3_4b_dev64/dev64_sft.jsonl","a39f8bcdeaf4106c2db5b6be77f065e694b548c29b5428df78468124c80e9893","111307"
"runs/prompt_only_gemma3_4b_dev64/dev64_summary.json","26be9c21479d89079395eee56886bb57462831141a1d18ee20e05891ed269921","299"
"runs/prompt_only_phi3_mini_dev64/dev64_outputs.jsonl","7c8f300bc5118664b5c541cbc02f5ebdb012cc8579815210b61b9da87fa54a10","137087"
"runs/prompt_only_phi3_mini_dev64/dev64_sft.jsonl","a39f8bcdeaf4106c2db5b6be77f065e694b548c29b5428df78468124c80e9893","111307"
"runs/prompt_only_phi3_mini_dev64/dev64_summary.json","4ae4c5ee8db894d7d7d854a9c2375d9f75298d8d9fbe865bb3ee311037ee2e98","300"
"runs/prompt_only_qwen25_15b_dev64/dev64_outputs.jsonl","d69def9cd6598885bdd86b892242f040be3858839ea932708736ccdf3a9f066a","72141"
"runs/prompt_only_qwen25_15b_dev64/dev64_sft.jsonl","a39f8bcdeaf4106c2db5b6be77f065e694b548c29b5428df78468124c80e9893","111307"
"runs/prompt_only_qwen25_15b_dev64/dev64_summary.json","06de691c1cc18a862f418795c4cedf9ca73ab7fda8bbbf0eb4279a4e1a645aa6","301"
"runs/ranker_hard_negative_smoke/dev1024_ranker_inference.log","bb1dbf0b38e14f4ec76f6886e1210967221c9fb5ea67f085c7458dd7b497e696","335"
"runs/ranker_hard_negative_smoke/dev1024_ranker_outputs.jsonl","e4ec24400fc31f96185d1ba9995e7ce3a15635eaa952dfaddeb944c30d111be6","772333"
"runs/ranker_hard_negative_smoke/dev1024_ranker_summary.json","27043f9306de38eb6de11a644dfdbc32516507e137e655e59651fe08745fa30a","191"
"runs/ranker_hard_negative_smoke/full_dev_ranker_inference.log","6819e69f44259c61861902d75d96bcc99bf9227a99e98ec5a7636b8954ef67c9","1995"
"runs/ranker_hard_negative_smoke/full_dev_ranker_outputs.jsonl","b8a472a56daf699e2bc90755cf63fef88f0969000fda0ed75a465f103bb79c47","7445458"
"runs/ranker_hard_negative_smoke/full_dev_ranker_summary.json","86ac6e264513092a830b94a1718cb4138c4b16a45b005858f02ce60afd3fc8d0","202"
"runs/ranker_hard_negative_smoke/policy_integration_analysis/ranker_policy_integration_summary.json","74667635ec968987f683d3c0285817dddcdde49cf7525ff0fa6741cf09ea48ca","881"
"runs/ranker_hard_negative_smoke/policy_integration_analysis/ranker_sample_verification.jsonl","55a59a46eff43879f1e99ddaa88aa262feee886e1928a055b0753baea68ba6a2","1069999"
"runs/ranker_hard_negative_smoke/policy_integration_analysis/temporal_filter_failure_repair_analysis.jsonl","ad447b75ede21587afe34cb052a2dcda502b2a8d82ef814533ac0626beee7b69","1337"
"runs/ranker_hard_negative_smoke/POLICY_INTEGRATION_ANALYSIS_RESULT.md","19a622819bb7793c65daff97d94a868723df6bfe206b78f81bac562c6d072900","2486"
"runs/ranker_hard_negative_smoke/policy_integration_analysis_temporal_constrained/ranker_policy_integration_summary.json","4ccf764b03b2f469596c1afb20acc1aaa403e44a9ffbeefb482aa6859526aed5","869"
"runs/ranker_hard_negative_smoke/policy_integration_analysis_temporal_constrained/ranker_sample_verification.jsonl","a5e59b78b3228a12b6a1e15cdb7c364e8e8ead2da9b3ec791de8f690e56989c8","1069993"
"runs/ranker_hard_negative_smoke/policy_integration_analysis_temporal_constrained/temporal_filter_failure_repair_analysis.jsonl","e3b0c44298fc1c149afbf4c8996fb92427ae41e4649b934ca495991b7852b855","0"
"runs/ranker_hard_negative_smoke/position_bias_analysis/ranker_position_bias_pairs.jsonl","97f4710d27c31fcbba7d255e8055171f3c83b204d30ecee19ddd4c8f707eaa8c","4271929"
"runs/ranker_hard_negative_smoke/position_bias_analysis/ranker_position_bias_summary.json","067aa41a268aaa3de796ea1c59bf9afde0377f6afbf47e0438ba99dda55edb98","1588"
"runs/ranker_hard_negative_smoke/RANKER_HARD_NEGATIVE_SMOKE_RESULT.md","eb4e2c3496f6532b9b71077e92d51c45a8b46c7925f0cd9814c71464945f5fbf","1892"
"runs/ranker_hard_negative_smoke/RANKER_POSITION_BIAS_RESULT.md","6052b6578aa0468d8de79e386492b3ad62051100ff217aea455e72001ffa610f","2185"
"runs/ranker_hard_negative_smoke/swapped_dev128_ranker_outputs.jsonl","e667acea261a592edc062820cb4148590d0c775f1518851a82985b3dd6020290","96496"
"runs/ranker_hard_negative_smoke/swapped_dev128_ranker_summary.json","6c6281e92c39a798547324350626af7934d549370d4daa34f85a2525de29acf7","188"
"runs/ranker_hard_negative_smoke/swapped_full_dev_ranker_inference.log","be7815da7f11b12dad7714afff85cf9c90fe59e9f605467ab43965679cd6e35b","1995"
"runs/ranker_hard_negative_smoke/swapped_full_dev_ranker_outputs.jsonl","40a2bbb7569896f6a2216e16d9b38b3abdfab95fca0fb511e68af786b552cab6","7520163"
"runs/ranker_hard_negative_smoke/swapped_full_dev_ranker_summary.json","98c95ff34eaaae74f81904ee0baa4fba2412acb543625b318ffc09c39e38d295","202"
"runs/ranker_hard_negative_smoke/symmetric_ranker_policy/symmetric_ranker_policy_pairs.jsonl","f9ab6d25bd4618df0a6be620d12c4c8090e56721e29d41b9aabc479e0e5007eb","4748308"
"runs/ranker_hard_negative_smoke/symmetric_ranker_policy/symmetric_ranker_policy_samples.jsonl","815e9d2031fad8527e71e3714bdd94018c03f8e8ab4e5d725e1ca22f66f22f50","607951"
"runs/ranker_hard_negative_smoke/symmetric_ranker_policy/symmetric_ranker_policy_summary.json","aedf5315ffb13e94452fae557a18d07476e49fee8bccf67feaf0ce4ada6c92c7","1643"
"runs/ranker_hard_negative_smoke/SYMMETRIC_RANKER_POLICY_RESULT.md","49cba4efdbc73c9ef992967f9ba596a1123afc82aaae4874c9b8cabcbe13e3d6","2562"
"runs/ranker_hard_negative_smoke/train.log","c2b79b5f648ef299d266f726e992d6127ced0573863036f5c7253b91d2ce6216","10880"
"runs/remaining_planner_ablations_20260621/configs/qwen25_15b_metadata_answerable_only.yaml","6c86bed618abfc9a3319186ffa61b73d1d819bdc8227a1b99272b55201b0d515","896"
"runs/remaining_planner_ablations_20260621/configs/qwen25_15b_metadata_english_only.yaml","ca6a8219223d0af754f528a7a22811a46454d0f782348f844eec507112893389","890"
"runs/remaining_planner_ablations_20260621/configs/qwen25_15b_metadata_no_prompt_mask.yaml","4f8d0a2a680790f7ed97f827821c82d0e6ef6962107147ee602a302a727f7519","895"
"runs/remaining_planner_ablations_20260621/qwen25_15b_metadata_answerable_only/dev64_outputs.jsonl","cfd4b7d93e8b8ce24d52dfc42f99392ef69f21180c2cb7c2c45e2c4a43bb5d5d","114292"
"runs/remaining_planner_ablations_20260621/qwen25_15b_metadata_answerable_only/dev64_summary.json","90d92415d54bff6868eacb14e39df9b71c562346e48d78ebb227df6b120c4ea3","307"
"runs/remaining_planner_ablations_20260621/qwen25_15b_metadata_english_only/dev64_outputs.jsonl","e25ffa49094bad3947be1076fd4da4f8c0e6e97b5feb61c4228c601d8eae7a50","114299"
"runs/remaining_planner_ablations_20260621/qwen25_15b_metadata_english_only/dev64_summary.json","8dcbd22d00e210f199f0c678c861feac952883066dfc3d9ede1d0101b1144157","324"
"runs/remaining_planner_ablations_20260621/qwen25_15b_metadata_no_prompt_mask/dev64_outputs.jsonl","8b4c58e926d39fde155d8e70f15ff0148ddd0acf4c6141bf9536efcb23e2e86f","114179"
"runs/remaining_planner_ablations_20260621/qwen25_15b_metadata_no_prompt_mask/dev64_summary.json","e4567d2f84ed9197b8c984ebb85e0e0112df198f3f0c7597181b96fce44c11c7","318"
"runs/remaining_planner_ablations_20260621/run.log","e0f9d258eecb7a833dd0e59fc19d0412226b6110af05de63f6bad6a19d08e755","138018"
"runs/rule_based_temporal_baseline_20260621/dev_outputs.jsonl","cc9fdeb4dc40224c859a88748824ddab11c28efffd7e74df31246f5e0b15b9cc","4231081"
"runs/rule_based_temporal_baseline_20260621/dev_summary.json","c84fca1034f3dff86160c982d10c6aaccfc95f25a84759c6cca57803eaa5525a","550"
"runs/rule_based_temporal_baseline_20260621/rule_based_baseline_table.tex","fcc3bc04cfea7845beb14b74326a07f87abd5268c53a963616404c7c946726bf","274"
"runs/rule_based_temporal_baseline_20260621/test_outputs.jsonl","e3e32864cedf2c76ba486f0c93c663f91841cebf8d44fcfef181dd51c4dbf282","4019969"
"runs/rule_based_temporal_baseline_20260621/test_summary.json","81e93ce702ca7164e362dd40c49ebdbc01ff7afbe77c6e1000f5baa1d5c496d4","460"
"runs/smoke_qwen25_15b_lora/adapter_generation.txt","10c8452ba1a46d08e4e947192844e8fc96a87d52483b7f1c9437029316f1dbb9","410"
"runs/smoke_qwen25_15b_lora/base_generation.txt","6c2a5003ef9965d371ce9c22c51328772959bb171f291d2793b254f1f484d1e3","155"
"runs/smoke_qwen25_15b_lora/base_test_loss.log","ed4bd626ae7b64e87b9f1e05f2e39aad41d6b33003ea9af34bbc0aec8cbf8c45","1839"
"runs/smoke_qwen25_15b_lora/dev_adapter_outputs.jsonl","f759274cdf1a4c9648bb2fffa57b11fe1cf5e4b2f4397c128374fe7005e83fbb","333665"
"runs/smoke_qwen25_15b_lora/dev_adapter_summary.json","eef5a40785e249faae45110a3e01bd3febb5535df486cebe99f73b4e2a24f12c","419"
"runs/smoke_qwen25_15b_lora/dev10_adapter_outputs.jsonl","9479a6c3317c3713c8be9527d8923a0237a9605f334f36859e0d5cb58e18df0d","17539"
"runs/smoke_qwen25_15b_lora/dev10_adapter_summary.json","b0ab4c0d4c43e12d3ce8f4c9eeae7f9e5666731f341c406db0b8d0494b192e5f","311"
"runs/smoke_qwen25_15b_lora/sample_gold.json","10c8452ba1a46d08e4e947192844e8fc96a87d52483b7f1c9437029316f1dbb9","410"
"runs/smoke_qwen25_15b_lora/sample_prompt.txt","0d709d8438580a74ead363465011edcc94a638737c4f46efb0cd5c3ff06dcb43","425"
"runs/smoke_qwen25_15b_lora/sample_system.txt","dbe0af3b943a6c633d2e33fa9cf6ab9d2fc3873c52c04772a05febf46aaac297","211"
"runs/smoke_qwen25_15b_lora/sample_test_record.json","b5399658f542bc844e4f16758418f0548cac2b97e498fdb5f6c68859024ee87b","1476"
"runs/smoke_qwen25_15b_lora/SMOKE_RESULT.md","023f3aa5abb4e4a8042cb1136239bd3135979a53711f255327d44522df1815b7","3542"
"runs/smoke_qwen25_15b_lora/test_loss.log","52d7d4971bebb7884fd77d72a70ad7ac36cc43c58b48a014dbf2e459e7ad524a","1967"
"runs/smoke_qwen25_15b_lora/train.log","48b0d4aed09fc7c0dbafd6c56ff5f7aea05b61450e9d57a4d3ced16bfb4af191","4365"
"scripts/analyze_final_test_failures.py","be226552b8a9290196366f923762eee7569d44c519827a7dacbc42767817d8bc","12493"
"scripts/analyze_full_dev_errors.py","a88d33072e97c0c033125a97d7618e808ac060294c0c4315c8a510a4c5eddf3f","16141"
"scripts/analyze_ranker_policy_integration.py","1df07326fa9e6cdedf935bdbd77e609a9a2098e8cd357d4bf686b07a47b40c94","8516"
"scripts/analyze_ranker_position_bias.py","0f7376d4b27400eb3cf1ae326f47a65002f6da26d90fb7ce7296e5536277b378","5264"
"scripts/build_dissertation_rigor_package.py","9ade99f88763f4c1b65609272b1c15977ffe6f88fe6e34ff6d44f1c2286546dd","20353"
"scripts/build_expanded_timestat_corpus.py","15238a7340b3b8ff3aa13fcc901307f8f1b3f73d42ae8c5089e8e4a756e2bb49","29107"
"scripts/build_gate_ranker_artifacts.py","1a49e90cbc88a3eccd8aadb46b48467a096b4f349c7f90ecf03c24bd43d9701c","12311"
"scripts/build_gate_ranker_test_artifacts.py","a8948825f74cb86fcc817f1bc04dff785abc64cfab9f9a09542991697ce4c43c","2142"
"scripts/build_human_audit_packet.py","bd20fcf0e3b7ab7f5987436fd9f331ae9c4eb467a3b3fc38a17f9f7d59f1fb0d","7690"
"scripts/build_minmax_metadata_sft.py","5346b4b3de69833f5db743083ee63fbf844c72e82a0fcaf62f3fa433e135f7c6","3066"
"scripts/build_optional_audit_splits.py","eaaf820fe179308ecaf0a2471fb68d9be8bc3c6ac9227965c6e0d2c86f42f1c3","5609"
"scripts/build_paper09_sft_data.py","545fc2441cae54870c19511c932cb345f50f08dd7bc397b86c1576cf1b3103d1","6869"
"scripts/build_swapped_ranker_eval.py","e4fd3fd68591cf085b6bd4e8b86afcb09de3cf988adc9ac183fb99c3ceb7478d","2905"
"scripts/build_synthesis_figures.py","67ec2df67f16fcd1bda08c51b4720b21e068c11f1f6f8b698a6c030344983351","10337"
"scripts/evaluate_chart_level_intents.py","862f043bc1946f8bb334f011be80893f860d7ba30bdbf5e75134897309ce69a0","24383"
"scripts/evaluate_composed_policy.py","a7be21decd92afbe7365dc8a288126ae9b43409d9f31b78867d09ba49e8321ec","7547"
"scripts/evaluate_symmetric_ranker_policy.py","b89ce6bbb15f1a8d83d0f8f12a12fdfda6e24070ec99e60602923670f24af2e9","6994"
"scripts/evaluate_temporal_constrained_policy.py","c29b7f7cf1e44fc4874fe8cbde46fb300637517b77a34befef1fb4186472ac03","9230"
"scripts/README.md","b32df10e7e7c6fc5c77bbe2a08b42485791d6d9a82a433e13e7e6e2bb4bd14c3","598"
"scripts/run_dissertation_strength_experiments.sh","9dac46d6220d591af8b1721c536f9cfbcde0aa9312e7d204a4e4031f67cb06fa","3797"
"scripts/run_final_test_once.sh","704620d8a567b1377d11e19f9720a24ca13fe272fc4c48458b40483c3d10484d","3755"
"scripts/run_full_dev_adapter_ablation_followup.sh","278f62cbcb987223912360b96f70af04a315a6e5ef6c88bb200dc0f89130b2b1","1379"
"scripts/run_minmax_metadata_ablation.sh","b9188c45e883f64860a187d43c1f5bec5505a8674bdccc175cb3f3c2dbb2c766","2249"
"scripts/run_mlx_gate_inference.py","3d5098aa0115798dd8b8abcac9122079832f988cdde8ed401da10504a248e181","6165"
"scripts/run_mlx_intent_inference.py","703c1a41a11cc6b22253e30d292098b4318ba48cac9a0d8aade272f623368e54","7093"
"scripts/run_mlx_ranker_inference.py","b0d134a767232f23032b4f8a817efc1ae8f54a593158c9b6d65e80f0813e1e8b","5317"
"scripts/run_ollama_fewshot_schema_baseline.py","9cf974c8307b518142e88ba5e730a66398fc764800a30c9cfe763ec4d461a338","10366"
"scripts/run_ollama_intent_inference.py","19efbb73239680675ad759e89a18c8c7ab3b9fcbde300d33fb8622e48e7d11a8","3359"
"scripts/run_optional_external_multilingual_audits.sh","25ff0ead0047e7c062dd88333c742d2141b18edcfbb984e991db16265d743a88","2424"
"scripts/run_overnight_full_dev_until_6am.sh","4fbcbace5128f8ddff69c8d98e4ad63979c676a66ebe1de2a99d24a4b7416070","4576"
"scripts/run_remaining_planner_ablations.sh","6952c0305e5cad7fb10d29c9a3a531bd6f77aaf71a77a5236d37706d50805b99","4340"
"scripts/run_rule_based_temporal_baseline.py","44d910c1457b7f77f0aa089839632c6d100a37f3a1814ae5820e09a28e505b0b","13135"
"scripts/summarize_fewshot_schema_baseline.py","2474c8d6dd50fa1b59fa4dbd03ef7ceebcad8c074700d812a38df6b109a5b5fa","1419"
"scripts/summarize_metadata_leakage_ablation.py","259068becd4649f52e56968ed321fb4431f2e9ad9ddc688b1fa2a49413a5cd76","4412"
"scripts/summarize_rule_based_baseline.py","62bac5920070d31292af7664697fc398aad805788472bb65a42d3e1e15f58bbf","1461"
"training/ablation_protocol.md","bcd5a2a238a6b3b3c441bd7441773d5f21c3039e53fa0601ea4cb113edeef229","10807"
"training/adapter_metadata/qwen25_15b_expanded_metadata_rank16_l16/adapter_config.json","39c5a6e462ad85835167bb29ba859f76982c5ac01f06f4e82b209534debc3bff","1627"
"training/adapter_metadata/qwen25_15b_expanded_metadata_rank32_l16/adapter_config.json","6ca800213b3a2a4bdb70d37f448daa2aa63c3200c33643a88f47dc8a7c6fd737","1627"
"training/adapter_metadata/qwen25_15b_expanded_metadata_rank4_l16/adapter_config.json","81103b613447045d8b10081307596b8c1dd95d45330d9f3b55f0484f5d9570d7","1624"
"training/adapter_metadata/qwen25_15b_expanded_metadata_rank8_all_layers/adapter_config.json","8e48eb1a3a2df1ad9edf6348f52f4824a78dc56aec25d6f34c4aa61161b2785e","1638"
"training/adapter_metadata/qwen25_15b_expanded_metadata_rank8_l8/adapter_config.json","dc9fd4ed305aa56c9da0b155a2b3e342c89bfaab0b6f18db2426fd8887eb6dc1","1621"
"training/adapter_metadata/qwen25_15b_expanded_metadata_smoke/adapter_config.json","0543c293ac5871759670e11960663bbbf8bc396f4aeea047ee7c5f81bd0d7ca9","1140"
"training/adapter_metadata/qwen25_15b_expanded_metadata_unsupported_x4_smoke/adapter_config.json","45b2af2564bc3916eff313997a54c84369dba7d6ab8f5c4c3d5cbb41c23ac0f4","1164"
"training/adapter_metadata/qwen25_15b_expanded_minmax_metadata_rank8_l16/adapter_config.json","3ed4829903ba0b893832195d7e524c58ed5f50a064d2c037bbc84946ecb6926b","1605"
"training/adapter_metadata/qwen25_15b_expanded_schema_smoke/adapter_config.json","b190564f2f96596fe1aec5ae5e68ca8b647324fea21a9b33f43a5326ec75e287","1136"
"training/adapter_metadata/qwen25_15b_ft_tip_long/adapter_config.json","bbe44887b78b206a11a26b0d6f6387e217c5596d748ac8b70ba9a20eee262c2d","1109"
"training/adapter_metadata/qwen25_15b_ft_tip_smoke/adapter_config.json","ec8d9cf693af8597bcd6beb3d7078f1f5d25335ef7e9679a2f35dc5f0975887b","1107"
"training/adapter_metadata/qwen25_15b_gate_balanced_smoke/adapter_config.json","f743d121b9ebbec2ffa9811065414950efe8318c068b8eb739760c69837ed57e","1125"
"training/adapter_metadata/qwen25_15b_metadata_answerable_only/adapter_config.json","61e5dced3fe2e33523bdb66318d6509777d2d673c1ca222e3e450a4f42b38c84","1625"
"training/adapter_metadata/qwen25_15b_metadata_english_only/adapter_config.json","465f7c615f6c1b395c8d7efca89dad17a0c99281107d3c74e42c7cecf79e0b73","1616"
"training/adapter_metadata/qwen25_15b_metadata_no_prompt_mask/adapter_config.json","aae4e8f7dcfe64c61f207a6248aeae85c4df59b455c7303ebb64220ebeef0814","1623"
"training/adapter_metadata/qwen25_15b_ranker_hard_negative_smoke/adapter_config.json","a87afa57437b87bd2170ad571986c38b9ce41a3154e326860f4cbbdc1807d529","1139"
"training/checkpoint_selection_protocol.md","0a469d2a81873f9c8caaa8a2e541bb6bfc56bb596b50ee3334cbdb851e8f531a","3868"
"training/fine_tuning_plan.md","94d2954f62b992f8d05cb9d22a2a5e28e37e7a422973578538575b19d8a6b96c","2907"
"training/local_setup.md","15d728d68f408331ec5b50770cd5ef73b353c954dedda5458d468adb285e26f2","3133"
"training/mlx_data/test.jsonl","65d6e0c7ea267f2eb64b8a66950453ccafffb53518747d0c31fbfe326bb28838","38"
"training/mlx_data/train.jsonl","9c5f96ec72fd0b25b62d473d8597c6008cfdeda03bfc0aa7925e60d5780eb6c5","39"
"training/mlx_data/valid.jsonl","bacb97f8aae22ecc7a4570655438e6c54c10e17a77dc16311722efa4208b6905","37"
"training/requirements-mlx.txt","e3a0422984cc8fe5104c6ebcb8e22c9f1403f6ced2eeb4c420422357126f4c97","977"
"zenodo/RELEASE_CHECKLIST.md","5c2c45df1da9b7f583e20e929b4c3950487d689edc5852af2b6cacc1e5409e15","855"
